{
    "SCREEN_WIDTH": 600,
    "SCREEN_HEIGHT": 600,
    "RED": [
        255,
        0,
        0
    ],
    "LIGHTRED": [
        255,
        161,
        161
    ],
    "INVRED": [
        191,
        0,
        0
    ],
    "GREEN": [
        0,
        255,
        0
    ],
    "INVGREEN": [
        0,
        191,
        0
    ],
    "BLUE": [
        0,
        0,
        255
    ],
    "INVBLUE": [
        0,
        0,
        191
    ],
    "BLACK": [
        0,
        0,
        0
    ],
    "WHITE": [
        255,
        255,
        255
    ],
    "GREY": [
        191,
        191,
        191
    ],
    "font__": "Comic Sans MS",
    "FPS": 60,
    "bgm_volume": 0.4805555555555557,
    "sound_volume": 0.21222222222222228,
    "music_start_time": -1,
    "finished_level": [
        1,
        1,
        1,
        0,
        0,
        0,
        0,
        0,
        0,
        0,
        0,
        0,
        0,
        0,
        0,
        0
    ]
}